Date, Latitude, Longitude, Altitude, Velocity
18:17:07, 54.26085, 16.41300, 49, 0
18:17:08, 54.26085, 16.41300, 49, 0
18:17:10, 54.26085, 16.41300, 49, 0
18:17:12, 54.26085, 16.41300, 49, 0
18:17:14, 54.26085, 16.41300, 49, 0
18:17:16, 54.26085, 16.41300, 49, 0
18:17:18, 54.26087, 16.41301, 49, 7
18:17:19, 54.26089, 16.41301, 49, 12
18:17:20, 54.26093, 16.41302, 49, 17
18:17:22, 54.26101, 16.41305, 49, 14
18:17:23, 54.26104, 16.41307, 49, 13
18:17:25, 54.26113, 16.41310, 48, 19
18:17:27, 54.26124, 16.41306, 49, 18
18:17:29, 54.26133, 16.41300, 48, 16
18:17:31, 54.26140, 16.41295, 49, 17
18:17:33, 54.26150, 16.41289, 48, 19
18:17:34, 54.26154, 16.41288, 48, 19
18:17:35, 54.26159, 16.41284, 48, 19
18:17:37, 54.26168, 16.41279, 49, 20
18:17:38, 54.26173, 16.41278, 49, 19
18:17:40, 54.26181, 16.41274, 49, 18
18:17:41, 54.26186, 16.41271, 49, 18
18:17:43, 54.26195, 16.41265, 49, 19
18:17:45, 54.26204, 16.41261, 49, 19
18:17:47, 54.26210, 16.41260, 49, 18
18:17:48, 54.26213, 16.41259, 49, 15
18:17:50, 54.26223, 16.41256, 48, 16
18:17:51, 54.26228, 16.41254, 49, 20
18:17:53, 54.26238, 16.41250, 49, 14
18:17:55, 54.26245, 16.41247, 49, 15
18:17:56, 54.26248, 16.41246, 49, 15
18:17:58, 54.26255, 16.41248, 49, 14
18:18:00, 54.26261, 16.41258, 49, 16
18:18:02, 54.26268, 16.41271, 49, 20
18:18:04, 54.26278, 16.41287, 50, 30
18:18:06, 54.26293, 16.41308, 50, 35
18:18:07, 54.26299, 16.41321, 51, 44
18:18:09, 54.26318, 16.41351, 50, 52
18:18:10, 54.26327, 16.41365, 50, 53
18:18:12, 54.26346, 16.41397, 51, 56
18:18:13, 54.26356, 16.41413, 50, 56
18:18:15, 54.26377, 16.41448, 50, 57
18:18:16, 54.26387, 16.41465, 50, 57
18:18:18, 54.26407, 16.41497, 52, 57
18:18:19, 54.26417, 16.41514, 52, 56
18:18:21, 54.26438, 16.41547, 51, 55
18:18:23, 54.26457, 16.41582, 51, 57
18:18:25, 54.26479, 16.41619, 51, 62
18:18:27, 54.26500, 16.41657, 52, 61
18:18:28, 54.26512, 16.41678, 51, 61
18:18:30, 54.26534, 16.41717, 52, 64
18:18:31, 54.26546, 16.41736, 52, 66
18:18:33, 54.26569, 16.41778, 53, 68
18:18:34, 54.26581, 16.41799, 53, 68
18:18:36, 54.26606, 16.41839, 52, 68
18:18:37, 54.26617, 16.41859, 52, 67
18:18:39, 54.26642, 16.41899, 52, 68
18:18:40, 54.26656, 16.41919, 53, 68
18:18:42, 54.26680, 16.41959, 53, 69
18:18:43, 54.26692, 16.41978, 53, 69
18:18:45, 54.26718, 16.42021, 51, 69
18:18:47, 54.26742, 16.42061, 52, 69
18:18:48, 54.26755, 16.42079, 51, 66
18:18:50, 54.26777, 16.42115, 49, 62
18:18:52, 54.26798, 16.42148, 48, 58
18:18:54, 54.26821, 16.42179, 48, 61
18:18:55, 54.26834, 16.42196, 47, 63
18:18:57, 54.26859, 16.42228, 47, 64
18:18:59, 54.26885, 16.42258, 46, 63
18:19:01, 54.26910, 16.42287, 44, 59
18:19:03, 54.26933, 16.42314, 42, 54
18:19:04, 54.26944, 16.42327, 41, 52
18:19:06, 54.26964, 16.42354, 39, 52
18:19:08, 54.26984, 16.42384, 40, 54
18:19:09, 54.26993, 16.42401, 39, 56
18:19:11, 54.27014, 16.42440, 39, 57
18:19:12, 54.27023, 16.42460, 40, 57
18:19:14, 54.27043, 16.42495, 40, 57
18:19:15, 54.27053, 16.42513, 40, 57
18:19:17, 54.27072, 16.42546, 41, 58
18:19:18, 54.27083, 16.42562, 42, 58
18:19:20, 54.27106, 16.42591, 42, 58
18:19:22, 54.27132, 16.42615, 42, 59
18:19:24, 54.27159, 16.42637, 43, 60
18:19:25, 54.27173, 16.42647, 43, 61
18:19:27, 54.27201, 16.42666, 44, 62
18:19:28, 54.27216, 16.42676, 43, 61
18:19:29, 54.27229, 16.42685, 44, 62
18:19:30, 54.27244, 16.42696, 44, 63
18:19:32, 54.27272, 16.42715, 44, 62
18:19:33, 54.27286, 16.42725, 44, 61
18:19:35, 54.27311, 16.42754, 44, 60
18:19:37, 54.27332, 16.42790, 45, 60
18:19:38, 54.27342, 16.42810, 46, 63
18:19:39, 54.27351, 16.42833, 47, 66
18:19:41, 54.27371, 16.42881, 48, 72
18:19:43, 54.27394, 16.42935, 50, 85
18:19:45, 54.27421, 16.43002, 55, 101
18:19:46, 54.27434, 16.43037, 57, 100
18:19:48, 54.27461, 16.43101, 55, 88
18:19:50, 54.27485, 16.43160, 54, 79
18:19:51, 54.27497, 16.43187, 52, 74
18:19:53, 54.27516, 16.43235, 52, 67
18:19:55, 54.27536, 16.43282, 50, 65
18:19:56, 54.27546, 16.43306, 50, 65
18:19:57, 54.27555, 16.43328, 49, 65
18:19:59, 54.27575, 16.43374, 49, 66
18:20:01, 54.27594, 16.43416, 49, 66
18:20:02, 54.27604, 16.43441, 49, 69
18:20:03, 54.27614, 16.43465, 48, 70
18:20:04, 54.27624, 16.43490, 49, 72
18:20:05, 54.27635, 16.43514, 49, 70
18:20:07, 54.27656, 16.43564, 50, 71
18:20:08, 54.27667, 16.43588, 49, 72
18:20:10, 54.27689, 16.43636, 50, 71
18:20:12, 54.27709, 16.43687, 51, 74
18:20:13, 54.27721, 16.43714, 51, 75
18:20:15, 54.27743, 16.43764, 54, 77
18:20:16, 54.27753, 16.43793, 54, 77
18:20:18, 54.27770, 16.43851, 55, 77
18:20:19, 54.27777, 16.43881, 55, 74
18:20:21, 54.27788, 16.43939, 56, 68
18:20:22, 54.27791, 16.43969, 56, 66
18:20:24, 54.27796, 16.44025, 56, 65
18:20:25, 54.27798, 16.44053, 55, 65
18:20:27, 54.27797, 16.44109, 56, 65
18:20:29, 54.27793, 16.44167, 57, 71
18:20:30, 54.27789, 16.44199, 57, 77
18:20:31, 54.27784, 16.44232, 58, 80
18:20:33, 54.27771, 16.44301, 60, 88
18:20:35, 54.27753, 16.44367, 60, 85
18:20:37, 54.27734, 16.44429, 58, 79
18:20:39, 54.27717, 16.44493, 58, 83
18:20:40, 54.27708, 16.44525, 58, 85
18:20:42, 54.27697, 16.44599, 58, 92
18:20:43, 54.27693, 16.44639, 58, 94
18:20:45, 54.27690, 16.44720, 58, 95
18:20:47, 54.27698, 16.44807, 54, 100
18:20:48, 54.27705, 16.44848, 53, 100
18:20:49, 54.27711, 16.44891, 52, 103
18:20:50, 54.27721, 16.44939, 54, 114
18:20:52, 54.27742, 16.45020, 50, 104
18:20:53, 54.27752, 16.45057, 49, 97
18:20:54, 54.27761, 16.45092, 48, 90
18:20:56, 54.27778, 16.45154, 46, 80
18:20:58, 54.27793, 16.45212, 46, 72
18:21:00, 54.27805, 16.45269, 47, 72
18:21:02, 54.27816, 16.45328, 47, 73
18:21:04, 54.27826, 16.45385, 46, 67
18:21:05, 54.27830, 16.45412, 46, 66
18:21:06, 54.27834, 16.45440, 45, 67
18:21:08, 54.27845, 16.45496, 46, 71
18:21:09, 54.27848, 16.45526, 45, 73
18:21:11, 54.27858, 16.45586, 46, 75
18:21:12, 54.27863, 16.45617, 46, 75
18:21:14, 54.27874, 16.45680, 46, 75
18:21:15, 54.27880, 16.45711, 46, 73
18:21:16, 54.27886, 16.45740, 45, 71
18:21:17, 54.27892, 16.45769, 43, 71
18:21:19, 54.27902, 16.45828, 43, 72
18:21:20, 54.27907, 16.45858, 42, 72
18:21:21, 54.27910, 16.45889, 42, 72
18:21:22, 54.27913, 16.45919, 41, 73
18:21:23, 54.27913, 16.45952, 41, 73
18:21:24, 54.27916, 16.45981, 40, 73
18:21:26, 54.27913, 16.46043, 40, 76
18:21:28, 54.27904, 16.46113, 38, 75
18:21:29, 54.27899, 16.46144, 37, 74
18:21:30, 54.27894, 16.46175, 37, 73
18:21:32, 54.27884, 16.46236, 35, 74
18:21:33, 54.27882, 16.46260, 36, 71
18:21:35, 54.27870, 16.46321, 34, 72
18:21:37, 54.27861, 16.46376, 34, 70
18:21:39, 54.27853, 16.46434, 31, 68
18:21:40, 54.27848, 16.46461, 31, 67
18:21:42, 54.27840, 16.46519, 33, 74
18:21:43, 54.27835, 16.46548, 32, 73
18:21:44, 54.27830, 16.46580, 32, 78
18:21:46, 54.27822, 16.46647, 31, 81
18:21:47, 54.27816, 16.46681, 31, 82
18:21:49, 54.27805, 16.46748, 31, 81
18:21:50, 54.27800, 16.46781, 30, 78
18:21:52, 54.27791, 16.46843, 28, 76
18:21:53, 54.27787, 16.46873, 28, 76
18:21:55, 54.27775, 16.46939, 29, 82
18:21:56, 54.27769, 16.46972, 29, 84
18:21:58, 54.27758, 16.47042, 28, 82
18:21:59, 54.27754, 16.47078, 27, 82
18:22:01, 54.27745, 16.47143, 26, 80
18:22:02, 54.27740, 16.47176, 26, 79
18:22:04, 54.27730, 16.47239, 25, 75
18:22:05, 54.27727, 16.47269, 24, 73
18:22:07, 54.27719, 16.47329, 22, 74
18:22:08, 54.27716, 16.47361, 22, 75
18:22:09, 54.27714, 16.47392, 22, 75
18:22:11, 54.27711, 16.47458, 23, 78
18:22:13, 54.27711, 16.47524, 23, 79
18:22:14, 54.27711, 16.47557, 23, 79
18:22:16, 54.27714, 16.47625, 22, 79
18:22:17, 54.27716, 16.47659, 23, 80
18:22:19, 54.27725, 16.47731, 22, 83
18:22:20, 54.27731, 16.47765, 21, 80
18:22:21, 54.27736, 16.47796, 20, 75
18:22:23, 54.27748, 16.47850, 20, 67
18:22:24, 54.27753, 16.47878, 19, 67
18:22:26, 54.27765, 16.47932, 20, 68
18:22:27, 54.27772, 16.47959, 19, 69
18:22:29, 54.27786, 16.48010, 20, 70
18:22:31, 54.27804, 16.48064, 21, 74
18:22:32, 54.27814, 16.48092, 22, 75
18:22:34, 54.27834, 16.48147, 24, 76
18:22:35, 54.27844, 16.48177, 24, 76
18:22:36, 54.27855, 16.48203, 26, 77
18:22:38, 54.27878, 16.48256, 26, 78
18:22:40, 54.27902, 16.48310, 27, 79
18:22:42, 54.27927, 16.48362, 29, 79
18:22:44, 54.27954, 16.48412, 30, 79
18:22:46, 54.27983, 16.48459, 31, 80
18:22:48, 54.28014, 16.48502, 31, 80
18:22:50, 54.28046, 16.48541, 32, 78
18:22:52, 54.28078, 16.48575, 31, 76
18:22:54, 54.28111, 16.48601, 28, 68
18:22:56, 54.28139, 16.48625, 27, 61
18:22:57, 54.28153, 16.48636, 26, 58
18:22:59, 54.28179, 16.48656, 24, 53
18:23:00, 54.28191, 16.48665, 23, 54
18:23:01, 54.28204, 16.48674, 24, 57
18:23:02, 54.28218, 16.48685, 24, 61
18:23:04, 54.28248, 16.48707, 25, 69
18:23:06, 54.28278, 16.48730, 23, 64
18:23:07, 54.28292, 16.48741, 22, 61
18:23:08, 54.28305, 16.48750, 21, 54
18:23:09, 54.28316, 16.48759, 18, 49
18:23:11, 54.28335, 16.48775, 18, 41
18:23:13, 54.28350, 16.48786, 17, 27
18:23:15, 54.28359, 16.48799, 16, 22
18:23:17, 54.28361, 16.48815, 15, 20
18:23:18, 54.28361, 16.48823, 15, 20
18:23:19, 54.28357, 16.48830, 15, 23
18:23:21, 54.28348, 16.48853, 15, 29
18:23:22, 54.28344, 16.48864, 15, 34
18:23:24, 54.28333, 16.48888, 16, 39
18:23:25, 54.28326, 16.48901, 17, 43
18:23:26, 54.28319, 16.48914, 16, 44
18:23:27, 54.28310, 16.48932, 16, 62
18:23:29, 54.28286, 16.48979, 20, 84
18:23:30, 54.28270, 16.49008, 22, 98
18:23:31, 54.28253, 16.49042, 22, 110
18:23:33, 54.28214, 16.49118, 27, 116
18:23:35, 54.28182, 16.49185, 27, 97
18:23:37, 54.28156, 16.49242, 23, 77
18:23:39, 54.28132, 16.49287, 23, 64
18:23:41, 54.28114, 16.49325, 22, 55
18:23:43, 54.28097, 16.49361, 22, 55
18:23:45, 54.28079, 16.49399, 22, 54
18:23:46, 54.28073, 16.49419, 22, 50
18:23:48, 54.28062, 16.49455, 22, 48
18:23:49, 54.28057, 16.49474, 22, 50
18:23:51, 54.28045, 16.49515, 22, 53
18:23:53, 54.28033, 16.49557, 23, 55
18:23:54, 54.28025, 16.49576, 23, 55
18:23:55, 54.28019, 16.49597, 23, 56
18:23:57, 54.28005, 16.49639, 23, 57
18:23:58, 54.27998, 16.49660, 23, 57
18:23:59, 54.27992, 16.49682, 23, 56
18:24:00, 54.27986, 16.49704, 23, 56
18:24:01, 54.27979, 16.49725, 23, 56
18:24:03, 54.27965, 16.49765, 22, 56
18:24:05, 54.27952, 16.49805, 21, 56
18:24:07, 54.27940, 16.49848, 20, 59
18:24:09, 54.27922, 16.49898, 20, 72
18:24:11, 54.27899, 16.49950, 21, 80
18:24:12, 54.27885, 16.49976, 22, 83
18:24:14, 54.27858, 16.50029, 23, 82
18:24:16, 54.27834, 16.50074, 21, 65
18:24:17, 54.27823, 16.50093, 20, 63
18:24:19, 54.27795, 16.50126, 21, 71
18:24:20, 54.27778, 16.50142, 22, 78
18:24:21, 54.27760, 16.50158, 24, 89
18:24:23, 54.27719, 16.50196, 24, 91
18:24:24, 54.27699, 16.50215, 24, 92
18:24:26, 54.27660, 16.50253, 23, 92
18:24:28, 54.27618, 16.50291, 23, 96
18:24:30, 54.27576, 16.50332, 23, 96
18:24:31, 54.27555, 16.50351, 21, 93
18:24:32, 54.27535, 16.50369, 22, 89
18:24:34, 54.27499, 16.50403, 19, 80
18:24:36, 54.27466, 16.50435, 18, 74
18:24:38, 54.27434, 16.50462, 17, 70
18:24:40, 54.27404, 16.50493, 17, 72
18:24:41, 54.27389, 16.50511, 17, 75
18:24:43, 54.27358, 16.50556, 18, 82
18:24:45, 54.27331, 16.50598, 18, 68
18:24:46, 54.27319, 16.50619, 17, 64
18:24:47, 54.27308, 16.50639, 17, 62
18:24:49, 54.27293, 16.50688, 18, 66
18:24:50, 54.27287, 16.50714, 19, 66
18:24:51, 54.27285, 16.50739, 19, 62
18:24:53, 54.27280, 16.50800, 19, 71
18:24:55, 54.27276, 16.50858, 20, 70
18:24:56, 54.27277, 16.50882, 18, 62
18:24:58, 54.27283, 16.50936, 17, 60
18:25:00, 54.27291, 16.50982, 17, 54
18:25:01, 54.27296, 16.51004, 17, 50
18:25:02, 54.27299, 16.51024, 17, 47
18:25:04, 54.27307, 16.51061, 16, 44
18:25:05, 54.27313, 16.51077, 16, 46
18:25:07, 54.27329, 16.51106, 17, 51
18:25:08, 54.27338, 16.51120, 18, 48
18:25:09, 54.27344, 16.51137, 18, 45
18:25:11, 54.27351, 16.51171, 16, 45
18:25:13, 54.27350, 16.51215, 18, 59
18:25:14, 54.27351, 16.51243, 19, 69
18:25:15, 54.27349, 16.51275, 21, 78
18:25:17, 54.27345, 16.51340, 21, 79
18:25:18, 54.27343, 16.51372, 22, 79
18:25:20, 54.27334, 16.51449, 25, 98
18:25:21, 54.27330, 16.51491, 26, 99
18:25:22, 54.27325, 16.51533, 26, 100
18:25:24, 54.27315, 16.51613, 27, 95
18:25:25, 54.27310, 16.51652, 26, 92
18:25:27, 54.27302, 16.51727, 26, 85
18:25:29, 54.27294, 16.51795, 27, 78
18:25:30, 54.27289, 16.51828, 27, 78
18:25:32, 54.27281, 16.51889, 28, 71
18:25:34, 54.27273, 16.51945, 28, 64
18:25:35, 54.27268, 16.51971, 28, 60
18:25:37, 54.27261, 16.52017, 27, 53
18:25:38, 54.27256, 16.52039, 28, 52
18:25:40, 54.27249, 16.52078, 29, 47
18:25:42, 54.27241, 16.52115, 27, 45
18:25:43, 54.27237, 16.52134, 27, 47
18:25:45, 54.27233, 16.52177, 27, 54
18:25:46, 54.27234, 16.52202, 26, 58
18:25:47, 54.27237, 16.52228, 27, 63
18:25:48, 54.27242, 16.52254, 27, 62
18:25:50, 54.27249, 16.52302, 26, 56
18:25:51, 54.27253, 16.52325, 26, 55
18:25:53, 54.27259, 16.52374, 26, 61
18:25:55, 54.27263, 16.52430, 26, 65
18:25:57, 54.27262, 16.52484, 25, 60
18:25:58, 54.27261, 16.52507, 25, 56
18:25:59, 54.27261, 16.52527, 24, 55
18:26:00, 54.27261, 16.52549, 22, 54
18:26:02, 54.27259, 16.52593, 22, 50
18:26:03, 54.27258, 16.52614, 21, 48
18:26:05, 54.27257, 16.52653, 21, 43
18:26:06, 54.27259, 16.52671, 22, 46
18:26:08, 54.27261, 16.52715, 22, 53
18:26:10, 54.27262, 16.52766, 23, 63
18:26:11, 54.27265, 16.52801, 26, 74
18:26:13, 54.27268, 16.52879, 25, 86
18:26:15, 54.27269, 16.52951, 22, 83
18:26:16, 54.27270, 16.52987, 21, 81
18:26:17, 54.27268, 16.53022, 21, 80
18:26:19, 54.27275, 16.53075, 19, 66
18:26:20, 54.27276, 16.53102, 18, 61
18:26:21, 54.27280, 16.53127, 18, 61
18:26:23, 54.27290, 16.53177, 20, 65
18:26:25, 54.27298, 16.53231, 22, 67
18:26:26, 54.27302, 16.53258, 23, 67
18:26:28, 54.27314, 16.53312, 25, 69
18:26:30, 54.27320, 16.53369, 27, 68
18:26:32, 54.27325, 16.53427, 28, 64
18:26:33, 54.27330, 16.53450, 28, 62
18:26:35, 54.27335, 16.53509, 31, 74
18:26:37, 54.27341, 16.53577, 33, 83
18:26:38, 54.27346, 16.53607, 33, 79
18:26:40, 54.27350, 16.53672, 32, 71
18:26:42, 54.27352, 16.53735, 31, 76
18:26:44, 54.27352, 16.53809, 32, 87
18:26:45, 54.27353, 16.53846, 32, 91
18:26:46, 54.27352, 16.53885, 31, 92
18:26:47, 54.27352, 16.53925, 30, 92
18:26:48, 54.27351, 16.53963, 30, 89
18:26:49, 54.27351, 16.53999, 29, 84
18:26:50, 54.27350, 16.54034, 29, 82
18:26:52, 54.27346, 16.54104, 29, 79
18:26:53, 54.27345, 16.54137, 30, 81
18:26:55, 54.27340, 16.54217, 31, 88
18:26:56, 54.27337, 16.54258, 32, 91
18:26:58, 54.27333, 16.54326, 29, 83
18:26:59, 54.27330, 16.54360, 28, 79
18:27:01, 54.27326, 16.54423, 26, 72
18:27:02, 54.27323, 16.54453, 27, 69
18:27:03, 54.27318, 16.54485, 28, 72
18:27:05, 54.27304, 16.54548, 28, 82
18:27:06, 54.27297, 16.54580, 28, 82
18:27:08, 54.27282, 16.54646, 26, 77
18:27:10, 54.27269, 16.54705, 25, 71
18:27:11, 54.27264, 16.54733, 24, 70
18:27:12, 54.27258, 16.54760, 23, 65
18:27:14, 54.27249, 16.54810, 21, 59
18:27:15, 54.27244, 16.54833, 21, 56
18:27:16, 54.27242, 16.54855, 20, 54
18:27:18, 54.27234, 16.54895, 19, 49
18:27:19, 54.27231, 16.54914, 19, 47
18:27:21, 54.27224, 16.54951, 17, 43
18:27:23, 54.27219, 16.54986, 16, 43
18:27:25, 54.27216, 16.55001, 16, 39
18:27:26, 54.27211, 16.55033, 15, 38
18:27:27, 54.27209, 16.55047, 15, 35
18:27:29, 54.27205, 16.55073, 14, 32
18:27:31, 54.27203, 16.55094, 14, 26
18:27:33, 54.27200, 16.55115, 13, 26
18:27:35, 54.27190, 16.55120, 14, 24
18:27:36, 54.27183, 16.55121, 14, 24
18:27:38, 54.27169, 16.55119, 15, 30
18:27:40, 54.27157, 16.55109, 16, 26
18:27:41, 54.27150, 16.55107, 16, 27
18:27:43, 54.27133, 16.55104, 16, 32
18:27:45, 54.27114, 16.55101, 17, 35
18:27:46, 54.27108, 16.55103, 17, 30
18:27:48, 54.27094, 16.55114, 17, 34
18:27:50, 54.27078, 16.55128, 18, 37
18:27:52, 54.27060, 16.55146, 19, 44
18:27:54, 54.27038, 16.55169, 19, 53
18:27:56, 54.27005, 16.55212, 24, 82
18:27:57, 54.26987, 16.55237, 26, 93
18:27:59, 54.26943, 16.55295, 30, 113
18:28:01, 54.26892, 16.55361, 35, 133
18:28:03, 54.26839, 16.55433, 32, 131
18:28:04, 54.26815, 16.55465, 30, 123
18:28:05, 54.26791, 16.55496, 30, 120
18:28:07, 54.26749, 16.55553, 28, 108
18:28:09, 54.26714, 16.55599, 25, 91
18:28:11, 54.26682, 16.55641, 24, 80
18:28:13, 54.26654, 16.55681, 23, 70
18:28:14, 54.26641, 16.55698, 24, 65
18:28:16, 54.26620, 16.55728, 23, 55
18:28:18, 54.26602, 16.55754, 22, 47
18:28:20, 54.26589, 16.55781, 22, 42
18:28:22, 54.26588, 16.55806, 22, 28
18:28:23, 54.26585, 16.55817, 22, 29
18:28:25, 54.26579, 16.55834, 22, 27
18:28:27, 54.26572, 16.55853, 21, 24
18:28:28, 54.26569, 16.55862, 21, 22
18:28:29, 54.26567, 16.55869, 21, 21
18:28:31, 54.26561, 16.55887, 22, 22
18:28:32, 54.26558, 16.55897, 22, 25
18:28:34, 54.26552, 16.55913, 21, 20
18:28:35, 54.26550, 16.55922, 21, 21
18:28:37, 54.26543, 16.55943, 21, 23
18:28:39, 54.26539, 16.55961, 21, 25
18:28:40, 54.26536, 16.55972, 21, 25
18:28:41, 54.26533, 16.55980, 21, 23
18:28:42, 54.26530, 16.55988, 21, 23
18:28:43, 54.26528, 16.56002, 21, 26
18:28:45, 54.26523, 16.56027, 21, 25
18:28:47, 54.26518, 16.56050, 21, 27
18:28:48, 54.26518, 16.56059, 21, 25
18:28:50, 54.26509, 16.56081, 21, 26
18:28:51, 54.26505, 16.56092, 21, 26
18:28:52, 54.26502, 16.56101, 21, 26
18:28:53, 54.26499, 16.56116, 22, 25
18:28:55, 54.26496, 16.56139, 22, 28
18:28:57, 54.26488, 16.56157, 21, 24
18:28:59, 54.26482, 16.56179, 22, 23
18:29:00, 54.26479, 16.56196, 22, 28
18:29:01, 54.26484, 16.56215, 21, 25
18:29:03, 54.26477, 16.56232, 21, 19
18:29:05, 54.26472, 16.56258, 22, 27
18:29:07, 54.26465, 16.56279, 22, 27
18:29:08, 54.26463, 16.56294, 22, 27
18:29:10, 54.26460, 16.56328, 21, 36
18:29:11, 54.26454, 16.56344, 22, 45
18:29:13, 54.26442, 16.56377, 23, 41
18:29:15, 54.26430, 16.56403, 23, 34
18:29:17, 54.26420, 16.56430, 24, 34
18:29:19, 54.26409, 16.56448, 25, 35
18:29:20, 54.26401, 16.56458, 25, 39
18:29:22, 54.26382, 16.56478, 25, 41
18:29:23, 54.26373, 16.56487, 26, 41
18:29:25, 54.26353, 16.56505, 28, 44
18:29:26, 54.26342, 16.56514, 27, 48
18:29:28, 54.26321, 16.56535, 28, 45
18:29:29, 54.26312, 16.56549, 28, 46
18:29:30, 54.26294, 16.56580, 27, 45
18:29:31, 54.26282, 16.56588, 27, 45
18:29:33, 54.26272, 16.56612, 27, 37
18:29:34, 54.26265, 16.56622, 27, 37
18:29:36, 54.26252, 16.56637, 27, 39
18:29:37, 54.26243, 16.56647, 27, 39
18:29:38, 54.26236, 16.56657, 28, 38
18:29:39, 54.26228, 16.56669, 28, 39
18:29:41, 54.26212, 16.56690, 28, 40
18:29:43, 54.26195, 16.56718, 30, 46
18:29:44, 54.26186, 16.56729, 29, 48
18:29:46, 54.26163, 16.56755, 30, 46
18:29:48, 54.26146, 16.56782, 29, 43
18:29:50, 54.26131, 16.56809, 29, 43
18:29:51, 54.26122, 16.56819, 30, 43
18:29:52, 54.26109, 16.56823, 29, 42
18:29:54, 54.26083, 16.56835, 31, 47
18:29:56, 54.26068, 16.56852, 30, 39
18:29:58, 54.26053, 16.56873, 31, 39
18:29:59, 54.26049, 16.56886, 31, 38
18:30:01, 54.26031, 16.56911, 32, 45
18:30:03, 54.26018, 16.56934, 33, 42
18:30:04, 54.26009, 16.56946, 32, 41
18:30:06, 54.25989, 16.56966, 31, 40
18:30:07, 54.25986, 16.56978, 31, 31
18:30:08, 54.25984, 16.56991, 31, 31
18:30:10, 54.25967, 16.57015, 31, 38
18:30:11, 54.25955, 16.57026, 32, 41
18:30:13, 54.25943, 16.57055, 32, 38
18:30:15, 54.25926, 16.57080, 31, 41
18:30:17, 54.25910, 16.57110, 30, 46
18:30:18, 54.25899, 16.57121, 30, 44
18:30:19, 54.25891, 16.57133, 29, 44
18:30:20, 54.25883, 16.57145, 28, 42
18:30:22, 54.25869, 16.57176, 28, 43
18:30:24, 54.25856, 16.57208, 28, 42
18:30:25, 54.25850, 16.57224, 28, 39
18:30:26, 54.25845, 16.57233, 28, 35
18:30:28, 54.25838, 16.57256, 27, 26
18:30:29, 54.25837, 16.57267, 27, 24
18:30:31, 54.25831, 16.57285, 27, 24
18:30:33, 54.25826, 16.57304, 28, 22
18:30:35, 54.25819, 16.57323, 28, 24
18:30:36, 54.25816, 16.57332, 28, 23
18:30:38, 54.25809, 16.57352, 27, 27
18:30:39, 54.25805, 16.57360, 27, 28
18:30:40, 54.25796, 16.57366, 27, 29
18:30:42, 54.25785, 16.57383, 28, 28
18:30:44, 54.25766, 16.57401, 27, 33
18:30:45, 54.25757, 16.57409, 28, 33
18:30:46, 54.25748, 16.57419, 27, 39
18:30:48, 54.25731, 16.57437, 27, 39
18:30:50, 54.25716, 16.57459, 27, 40
18:30:51, 54.25705, 16.57472, 26, 44
18:30:53, 54.25684, 16.57509, 28, 55
18:30:55, 54.25668, 16.57540, 29, 52
18:30:56, 54.25658, 16.57556, 29, 50
18:30:57, 54.25656, 16.57579, 29, 49
18:30:59, 54.25627, 16.57589, 30, 50
18:31:01, 54.25602, 16.57610, 31, 56
18:31:02, 54.25588, 16.57619, 31, 54
18:31:03, 54.25578, 16.57632, 31, 51
18:31:05, 54.25558, 16.57662, 31, 50
18:31:06, 54.25546, 16.57675, 32, 51
18:31:08, 54.25527, 16.57703, 32, 50
18:31:09, 54.25518, 16.57715, 32, 47
18:31:11, 54.25503, 16.57749, 33, 49
18:31:12, 54.25495, 16.57765, 32, 49
18:31:14, 54.25480, 16.57788, 32, 47
18:31:16, 54.25461, 16.57813, 31, 49
18:31:18, 54.25445, 16.57839, 33, 44
18:31:20, 54.25427, 16.57863, 32, 44
18:31:21, 54.25418, 16.57875, 32, 45
18:31:22, 54.25409, 16.57891, 32, 48
18:31:24, 54.25390, 16.57914, 32, 46
18:31:25, 54.25378, 16.57930, 32, 49
18:31:27, 54.25355, 16.57957, 31, 50
18:31:29, 54.25337, 16.57984, 31, 47
18:31:30, 54.25327, 16.57997, 31, 49
18:31:31, 54.25315, 16.58010, 32, 52
18:31:32, 54.25304, 16.58021, 32, 52
18:31:34, 54.25283, 16.58049, 31, 53
18:31:36, 54.25263, 16.58080, 31, 53
18:31:37, 54.25253, 16.58098, 32, 55
18:31:39, 54.25232, 16.58129, 30, 54
18:31:41, 54.25211, 16.58155, 31, 53
18:31:43, 54.25190, 16.58184, 30, 53
18:31:45, 54.25170, 16.58211, 30, 53
18:31:46, 54.25158, 16.58226, 30, 54
18:31:47, 54.25149, 16.58239, 31, 51
18:31:49, 54.25125, 16.58261, 30, 49
18:31:50, 54.25115, 16.58274, 30, 50
18:31:51, 54.25105, 16.58286, 30, 49
18:31:53, 54.25087, 16.58313, 30, 50
18:31:54, 54.25079, 16.58323, 30, 46
18:31:56, 54.25062, 16.58351, 30, 46
18:31:58, 54.25043, 16.58379, 29, 49
18:32:00, 54.25027, 16.58413, 30, 50
18:32:01, 54.25018, 16.58430, 29, 48
18:32:03, 54.25004, 16.58459, 29, 45
18:32:04, 54.24995, 16.58474, 29, 49
18:32:06, 54.24979, 16.58502, 28, 45
18:32:07, 54.24971, 16.58516, 29, 48
18:32:09, 54.24951, 16.58544, 30, 54
18:32:11, 54.24927, 16.58568, 32, 56
18:32:12, 54.24915, 16.58577, 32, 56
18:32:14, 54.24890, 16.58593, 32, 55
18:32:15, 54.24877, 16.58600, 32, 55
18:32:17, 54.24851, 16.58612, 33, 53
18:32:18, 54.24838, 16.58618, 33, 53
18:32:19, 54.24824, 16.58623, 33, 52
18:32:20, 54.24810, 16.58627, 33, 52
18:32:22, 54.24787, 16.58634, 34, 47
18:32:23, 54.24776, 16.58638, 34, 45
18:32:24, 54.24765, 16.58641, 33, 44
18:32:26, 54.24744, 16.58647, 34, 45
18:32:27, 54.24733, 16.58651, 34, 45
18:32:29, 54.24710, 16.58656, 34, 48
18:32:30, 54.24699, 16.58657, 35, 47
18:32:32, 54.24676, 16.58662, 36, 49
18:32:33, 54.24665, 16.58664, 36, 48
18:32:34, 54.24653, 16.58667, 36, 48
18:32:35, 54.24642, 16.58669, 37, 47
18:32:37, 54.24622, 16.58670, 36, 39
18:32:39, 54.24601, 16.58669, 37, 42
18:32:41, 54.24581, 16.58675, 38, 44
18:32:42, 54.24571, 16.58682, 38, 44
18:32:43, 54.24559, 16.58689, 39, 47
18:32:44, 54.24548, 16.58696, 40, 48
18:32:45, 54.24536, 16.58704, 41, 49
18:32:47, 54.24512, 16.58710, 42, 48
18:32:48, 54.24500, 16.58712, 42, 48
18:32:49, 54.24487, 16.58715, 42, 48
18:32:51, 54.24464, 16.58718, 43, 47
18:32:53, 54.24441, 16.58722, 44, 46
18:32:55, 54.24418, 16.58726, 44, 44
18:32:56, 54.24406, 16.58727, 45, 46
18:32:58, 54.24384, 16.58729, 45, 45
18:33:00, 54.24359, 16.58728, 46, 49
18:33:01, 54.24347, 16.58727, 47, 49
18:33:03, 54.24323, 16.58722, 48, 50
18:33:05, 54.24297, 16.58718, 49, 51
18:33:06, 54.24284, 16.58715, 49, 54
18:33:08, 54.24259, 16.58712, 50, 49
18:33:09, 54.24247, 16.58712, 50, 49
18:33:11, 54.24224, 16.58714, 50, 46
18:33:12, 54.24212, 16.58716, 50, 48
18:33:13, 54.24200, 16.58718, 50, 50
18:33:14, 54.24186, 16.58719, 51, 52
18:33:16, 54.24161, 16.58724, 51, 48
18:33:17, 54.24150, 16.58725, 51, 47
18:33:19, 54.24128, 16.58725, 51, 43
18:33:20, 54.24117, 16.58727, 51, 45
18:33:22, 54.24096, 16.58728, 51, 42
18:33:24, 54.24075, 16.58728, 51, 45
18:33:26, 54.24051, 16.58726, 52, 48
18:33:28, 54.24025, 16.58723, 52, 53
18:33:29, 54.24012, 16.58723, 53, 52
18:33:31, 54.23986, 16.58720, 54, 49
18:33:32, 54.23974, 16.58719, 54, 49
18:33:33, 54.23961, 16.58717, 54, 49
18:33:34, 54.23949, 16.58714, 54, 49
18:33:36, 54.23921, 16.58714, 56, 52
18:33:37, 54.23907, 16.58713, 56, 54
18:33:39, 54.23882, 16.58713, 58, 53
18:33:40, 54.23869, 16.58712, 59, 53
18:33:41, 54.23854, 16.58712, 58, 54
18:33:43, 54.23829, 16.58714, 60, 52
18:33:45, 54.23803, 16.58713, 60, 51
18:33:47, 54.23779, 16.58712, 60, 48
18:33:49, 54.23755, 16.58713, 61, 48
18:33:50, 54.23744, 16.58718, 61, 49
18:33:52, 54.23719, 16.58721, 61, 50
18:33:54, 54.23694, 16.58727, 62, 50
18:33:55, 54.23681, 16.58729, 62, 52
18:33:56, 54.23668, 16.58730, 62, 53
18:33:58, 54.23639, 16.58734, 62, 54
18:34:00, 54.23611, 16.58738, 62, 56
18:34:01, 54.23596, 16.58739, 61, 57
18:34:03, 54.23568, 16.58741, 60, 54
18:34:05, 54.23537, 16.58747, 59, 59
18:34:06, 54.23523, 16.58748, 58, 56
18:34:07, 54.23509, 16.58748, 56, 54
18:34:09, 54.23485, 16.58752, 55, 53
18:34:11, 54.23457, 16.58757, 55, 56
18:34:13, 54.23430, 16.58763, 55, 48
18:34:14, 54.23419, 16.58764, 54, 49
18:34:15, 54.23407, 16.58764, 54, 51
18:34:16, 54.23392, 16.58766, 53, 53
18:34:17, 54.23381, 16.58770, 54, 54
18:34:19, 54.23353, 16.58775, 54, 55
18:34:20, 54.23340, 16.58778, 53, 56
18:34:21, 54.23326, 16.58780, 53, 56
18:34:23, 54.23297, 16.58783, 53, 56
18:34:25, 54.23272, 16.58786, 51, 49
18:34:26, 54.23259, 16.58788, 51, 47
18:34:28, 54.23237, 16.58791, 50, 43
18:34:29, 54.23225, 16.58793, 49, 42
18:34:30, 54.23216, 16.58794, 50, 40
18:34:32, 54.23196, 16.58799, 48, 42
18:34:34, 54.23179, 16.58811, 47, 43
18:34:36, 54.23160, 16.58830, 47, 43
18:34:37, 54.23150, 16.58838, 47, 42
18:34:38, 54.23140, 16.58850, 46, 43
18:34:40, 54.23123, 16.58869, 46, 42
18:34:42, 54.23104, 16.58888, 45, 42
18:34:44, 54.23087, 16.58906, 45, 41
18:34:46, 54.23070, 16.58927, 44, 45
18:34:47, 54.23062, 16.58939, 46, 44
18:34:49, 54.23046, 16.58969, 45, 50
18:34:51, 54.23030, 16.59001, 45, 47
18:34:53, 54.23014, 16.59028, 45, 42
18:34:55, 54.23002, 16.59049, 44, 37
18:34:56, 54.22994, 16.59058, 44, 38
18:34:57, 54.22982, 16.59057, 45, 42
18:34:59, 54.22961, 16.59062, 46, 45
18:35:01, 54.22936, 16.59070, 45, 47
18:35:02, 54.22923, 16.59073, 45, 51
18:35:05, 54.22898, 16.59079, 45, 51
18:35:07, 54.22871, 16.59086, 46, 53
18:35:08, 54.22858, 16.59088, 46, 51
18:35:10, 54.22833, 16.59090, 47, 49
18:35:12, 54.22810, 16.59090, 47, 48
18:35:14, 54.22787, 16.59088, 47, 46
18:35:15, 54.22775, 16.59087, 47, 46
18:35:16, 54.22765, 16.59086, 47, 43
18:35:18, 54.22743, 16.59085, 48, 44
18:35:19, 54.22733, 16.59084, 48, 45
18:35:20, 54.22721, 16.59082, 49, 46
18:35:22, 54.22697, 16.59082, 50, 52
18:35:23, 54.22682, 16.59081, 50, 56
18:35:25, 54.22653, 16.59079, 52, 58
18:35:26, 54.22638, 16.59077, 52, 60
18:35:27, 54.22623, 16.59077, 52, 59
18:35:29, 54.22592, 16.59076, 53, 61
18:35:30, 54.22576, 16.59076, 53, 63
18:35:31, 54.22561, 16.59076, 54, 64
18:35:33, 54.22531, 16.59075, 54, 63
18:35:35, 54.22498, 16.59072, 55, 63
18:35:36, 54.22481, 16.59070, 56, 66
18:35:37, 54.22464, 16.59070, 55, 69
18:35:38, 54.22449, 16.59069, 57, 66
18:35:39, 54.22434, 16.59068, 56, 61
18:35:41, 54.22404, 16.59067, 57, 54
18:35:42, 54.22391, 16.59066, 58, 53
18:35:44, 54.22366, 16.59066, 59, 50
18:35:45, 54.22352, 16.59063, 59, 55
18:35:46, 54.22339, 16.59059, 59, 56
18:35:47, 54.22326, 16.59055, 59, 55
18:35:49, 54.22297, 16.59037, 62, 61
18:35:51, 54.22270, 16.59014, 64, 60
18:35:52, 54.22258, 16.59001, 63, 57
18:35:54, 54.22234, 16.58981, 63, 53
18:35:55, 54.22222, 16.58971, 63, 53
18:35:57, 54.22200, 16.58950, 62, 53
18:35:59, 54.22174, 16.58924, 64, 55
18:36:01, 54.22156, 16.58909, 63, 52
18:36:02, 54.22142, 16.58897, 63, 58
18:36:03, 54.22128, 16.58882, 64, 58
18:36:05, 54.22100, 16.58855, 64, 59
18:36:07, 54.22074, 16.58829, 63, 58
18:36:08, 54.22061, 16.58818, 64, 58
18:36:09, 54.22054, 16.58811, 63, 50
18:36:10, 54.22044, 16.58800, 64, 50
18:36:11, 54.22037, 16.58793, 63, 43
18:36:13, 54.22015, 16.58772, 62, 51
18:36:14, 54.22003, 16.58760, 63, 50
18:36:16, 54.21980, 16.58738, 64, 49
18:36:17, 54.21968, 16.58726, 65, 52
18:36:19, 54.21944, 16.58699, 65, 55
18:36:20, 54.21932, 16.58683, 65, 59
18:36:22, 54.21906, 16.58657, 66, 57
18:36:24, 54.21883, 16.58632, 66, 56
18:36:26, 54.21858, 16.58604, 67, 57
18:36:28, 54.21832, 16.58587, 67, 55
18:36:30, 54.21807, 16.58565, 67, 53
18:36:31, 54.21793, 16.58558, 68, 52
18:36:33, 54.21771, 16.58538, 69, 51
18:36:35, 54.21747, 16.58532, 70, 51
18:36:37, 54.21725, 16.58532, 71, 51
18:36:38, 54.21716, 16.58534, 72, 47
18:36:40, 54.21687, 16.58531, 73, 47
18:36:42, 54.21667, 16.58536, 74, 42
18:36:44, 54.21652, 16.58549, 75, 42
18:36:46, 54.21625, 16.58558, 78, 47
18:36:47, 54.21613, 16.58562, 77, 47
18:36:49, 54.21591, 16.58567, 79, 49
18:36:50, 54.21580, 16.58570, 79, 45
18:36:52, 54.21559, 16.58574, 80, 44
18:36:54, 54.21536, 16.58582, 82, 47
18:36:55, 54.21527, 16.58582, 81, 42
18:36:57, 54.21510, 16.58573, 82, 37
18:36:58, 54.21505, 16.58569, 82, 28
18:37:00, 54.21498, 16.58559, 83, 28
18:37:01, 54.21491, 16.58555, 84, 31
18:37:03, 54.21484, 16.58534, 86, 34
18:37:04, 54.21476, 16.58528, 87, 33
18:37:06, 54.21454, 16.58500, 87, 42
18:37:08, 54.21432, 16.58461, 88, 47
18:37:10, 54.21413, 16.58430, 89, 53
18:37:11, 54.21403, 16.58414, 89, 55
18:37:13, 54.21381, 16.58380, 89, 56
18:37:15, 54.21357, 16.58344, 90, 58
18:37:16, 54.21346, 16.58326, 90, 57
18:37:18, 54.21325, 16.58291, 91, 57
18:37:19, 54.21314, 16.58273, 90, 57
18:37:20, 54.21304, 16.58256, 92, 55
18:37:22, 54.21284, 16.58223, 91, 55
18:37:24, 54.21264, 16.58190, 91, 54
18:37:26, 54.21246, 16.58158, 92, 52
18:37:27, 54.21237, 16.58143, 92, 53
18:37:29, 54.21217, 16.58110, 93, 53
18:37:30, 54.21209, 16.58095, 92, 54
18:37:31, 54.21199, 16.58081, 92, 54
18:37:32, 54.21189, 16.58064, 93, 55
18:37:34, 54.21168, 16.58031, 94, 56
18:37:36, 54.21147, 16.57997, 94, 58
18:37:38, 54.21125, 16.57963, 95, 56
18:37:39, 54.21115, 16.57945, 96, 58
18:37:41, 54.21095, 16.57910, 95, 56
18:37:42, 54.21084, 16.57893, 95, 58
18:37:43, 54.21074, 16.57874, 95, 60
18:37:45, 54.21056, 16.57840, 95, 56
18:37:47, 54.21033, 16.57807, 95, 59
18:37:49, 54.21010, 16.57770, 97, 65
18:37:50, 54.20997, 16.57753, 96, 64
18:37:52, 54.20972, 16.57721, 95, 58
18:37:53, 54.20961, 16.57706, 96, 58
18:37:54, 54.20951, 16.57690, 95, 58
18:37:55, 54.20940, 16.57674, 95, 55
18:37:56, 54.20930, 16.57659, 95, 56
18:37:58, 54.20911, 16.57633, 96, 49
18:38:00, 54.20892, 16.57606, 95, 49
18:38:01, 54.20883, 16.57592, 95, 49
18:38:03, 54.20862, 16.57566, 95, 54
18:38:05, 54.20834, 16.57551, 96, 57
18:38:06, 54.20821, 16.57541, 96, 59
18:38:07, 54.20810, 16.57531, 96, 56
18:38:09, 54.20786, 16.57515, 95, 52
18:38:11, 54.20762, 16.57502, 95, 53
18:38:13, 54.20738, 16.57484, 93, 56
18:38:14, 54.20725, 16.57478, 93, 57
18:38:15, 54.20712, 16.57467, 92, 56
18:38:17, 54.20687, 16.57450, 91, 54
18:38:18, 54.20673, 16.57442, 90, 51
18:38:20, 54.20651, 16.57426, 88, 47
18:38:22, 54.20629, 16.57417, 86, 46
18:38:24, 54.20608, 16.57416, 86, 42
18:38:26, 54.20587, 16.57420, 85, 44
18:38:28, 54.20559, 16.57414, 83, 49
18:38:29, 54.20548, 16.57414, 82, 49
18:38:30, 54.20536, 16.57414, 82, 49
18:38:32, 54.20510, 16.57416, 81, 49
18:38:33, 54.20498, 16.57417, 82, 47
18:38:34, 54.20486, 16.57418, 82, 48
18:38:35, 54.20473, 16.57419, 83, 50
18:38:36, 54.20459, 16.57420, 84, 51
18:38:38, 54.20434, 16.57420, 86, 51
18:38:39, 54.20420, 16.57421, 86, 52
18:38:41, 54.20397, 16.57422, 87, 44
18:38:42, 54.20386, 16.57422, 87, 44
18:38:44, 54.20368, 16.57421, 87, 32
18:38:45, 54.20361, 16.57422, 87, 32
18:38:46, 54.20353, 16.57424, 88, 31
18:38:48, 54.20335, 16.57425, 89, 29
18:38:49, 54.20330, 16.57429, 88, 30
18:38:50, 54.20322, 16.57434, 89, 31
18:38:52, 54.20309, 16.57449, 89, 33
18:38:54, 54.20295, 16.57465, 89, 34
18:38:55, 54.20288, 16.57474, 90, 34
18:38:57, 54.20276, 16.57493, 91, 34
18:38:58, 54.20270, 16.57502, 92, 33
18:38:59, 54.20264, 16.57510, 91, 31
18:39:01, 54.20252, 16.57527, 92, 30
18:39:02, 54.20247, 16.57536, 92, 34
18:39:04, 54.20232, 16.57555, 93, 37
18:39:06, 54.20216, 16.57572, 94, 40
18:39:07, 54.20206, 16.57578, 94, 42
18:39:08, 54.20197, 16.57584, 95, 43
18:39:10, 54.20178, 16.57601, 97, 44
18:39:11, 54.20169, 16.57612, 96, 45
18:39:13, 54.20149, 16.57631, 98, 47
18:39:14, 54.20138, 16.57641, 98, 46
18:39:16, 54.20121, 16.57664, 99, 43
18:39:18, 54.20104, 16.57686, 99, 42
18:39:19, 54.20097, 16.57697, 99, 40
18:39:20, 54.20089, 16.57707, 99, 40
18:39:21, 54.20082, 16.57719, 99, 40
18:39:22, 54.20074, 16.57729, 99, 40
18:39:24, 54.20060, 16.57749, 100, 39
18:39:25, 54.20053, 16.57762, 100, 38
18:39:27, 54.20042, 16.57787, 101, 37
18:39:28, 54.20036, 16.57798, 100, 37
18:39:30, 54.20024, 16.57825, 101, 41
18:39:31, 54.20018, 16.57839, 101, 41
18:39:33, 54.20003, 16.57863, 101, 39
18:39:35, 54.19985, 16.57885, 102, 42
18:39:36, 54.19976, 16.57897, 102, 44
18:39:38, 54.19958, 16.57918, 102, 44
18:39:40, 54.19940, 16.57929, 102, 36
18:39:42, 54.19924, 16.57940, 102, 31
18:39:44, 54.19912, 16.57951, 102, 32
18:39:45, 54.19906, 16.57957, 103, 27
18:39:47, 54.19895, 16.57964, 102, 22
18:39:49, 54.19889, 16.57975, 102, 15
18:39:50, 54.19888, 16.57982, 102, 17
18:39:52, 54.19892, 16.57993, 102, 15
18:39:54, 54.19895, 16.58004, 102, 16
18:39:55, 54.19896, 16.58010, 102, 16
18:39:56, 54.19897, 16.58014, 102, 16
18:39:57, 54.19897, 16.58020, 102, 11
18:39:59, 54.19907, 16.58036, 102, 18
18:40:00, 54.19912, 16.58047, 102, 23
18:40:02, 54.19925, 16.58069, 101, 29
18:40:04, 54.19932, 16.58097, 101, 31
18:40:05, 54.19937, 16.58103, 101, 31
18:40:06, 54.19939, 16.58111, 100, 24
18:40:07, 54.19942, 16.58120, 100, 23
18:40:09, 54.19948, 16.58137, 99, 23
18:40:10, 54.19952, 16.58144, 99, 21
18:40:11, 54.19955, 16.58155, 98, 23
18:40:13, 54.19961, 16.58172, 98, 21
18:40:14, 54.19965, 16.58182, 98, 26
18:40:15, 54.19968, 16.58195, 98, 25
18:40:17, 54.19979, 16.58215, 98, 26
18:40:18, 54.19984, 16.58226, 97, 28
18:40:20, 54.19996, 16.58253, 97, 32
18:40:22, 54.20004, 16.58279, 96, 35
18:40:23, 54.20009, 16.58297, 97, 39
18:40:25, 54.20022, 16.58323, 97, 39
18:40:27, 54.20033, 16.58351, 97, 39
18:40:29, 54.20044, 16.58381, 98, 37
18:40:31, 54.20054, 16.58405, 98, 36
18:40:32, 54.20060, 16.58421, 99, 40
18:40:34, 54.20073, 16.58449, 100, 40
18:40:36, 54.20083, 16.58481, 100, 41
18:40:37, 54.20089, 16.58495, 101, 41
18:40:38, 54.20097, 16.58509, 102, 44
18:40:40, 54.20107, 16.58538, 103, 39
18:40:42, 54.20114, 16.58571, 102, 38
18:40:43, 54.20115, 16.58588, 102, 39
18:40:45, 54.20116, 16.58620, 104, 37
18:40:47, 54.20118, 16.58651, 104, 38
18:40:49, 54.20114, 16.58698, 105, 44
18:40:51, 54.20117, 16.58735, 105, 44
18:40:52, 54.20118, 16.58760, 106, 48
18:40:53, 54.20119, 16.58774, 107, 42
18:40:55, 54.20123, 16.58805, 107, 40
18:40:56, 54.20125, 16.58819, 108, 39
18:40:57, 54.20128, 16.58836, 108, 41
18:40:58, 54.20128, 16.58854, 109, 40
18:41:00, 54.20130, 16.58892, 110, 45
18:41:01, 54.20133, 16.58912, 110, 47
18:41:03, 54.20133, 16.58961, 110, 50
18:41:04, 54.20133, 16.58984, 111, 48
18:41:06, 54.20135, 16.59029, 111, 49
18:41:07, 54.20136, 16.59050, 112, 49
18:41:09, 54.20139, 16.59092, 112, 48
18:41:10, 54.20138, 16.59114, 112, 49
18:41:12, 54.20144, 16.59162, 112, 51
18:41:13, 54.20144, 16.59184, 112, 49
18:41:14, 54.20144, 16.59206, 112, 49
18:41:15, 54.20145, 16.59224, 113, 49
18:41:16, 54.20146, 16.59244, 112, 47
18:41:17, 54.20146, 16.59265, 111, 47
18:41:19, 54.20149, 16.59313, 111, 46
18:41:21, 54.20151, 16.59341, 113, 45
18:41:22, 54.20153, 16.59362, 113, 47
18:41:24, 54.20154, 16.59403, 114, 49
18:41:25, 54.20155, 16.59430, 113, 55
18:41:26, 54.20156, 16.59456, 115, 57
18:41:28, 54.20158, 16.59510, 117, 58
18:41:29, 54.20157, 16.59545, 119, 67
18:41:30, 54.20157, 16.59577, 119, 71
18:41:31, 54.20159, 16.59606, 119, 70
18:41:33, 54.20161, 16.59659, 118, 63
18:41:34, 54.20166, 16.59676, 118, 59
18:41:36, 54.20169, 16.59727, 117, 57
18:41:37, 54.20169, 16.59752, 117, 58
18:41:39, 54.20170, 16.59804, 117, 61
18:41:40, 54.20173, 16.59825, 117, 59
18:41:42, 54.20174, 16.59877, 117, 57
18:41:44, 54.20179, 16.59920, 118, 55
18:41:45, 54.20178, 16.59950, 118, 58
18:41:47, 54.20183, 16.59993, 118, 58
18:41:49, 54.20186, 16.60038, 118, 56
18:41:50, 54.20187, 16.60062, 119, 56
18:41:51, 54.20187, 16.60088, 119, 57
18:41:53, 54.20188, 16.60139, 119, 59
18:41:55, 54.20191, 16.60181, 119, 55
18:41:56, 54.20191, 16.60208, 119, 57
18:41:58, 54.20190, 16.60263, 120, 57
18:42:00, 54.20196, 16.60299, 119, 50
18:42:01, 54.20197, 16.60320, 120, 54
18:42:02, 54.20200, 16.60342, 119, 53
18:42:04, 54.20201, 16.60387, 120, 54
18:42:05, 54.20204, 16.60408, 119, 51
18:42:06, 54.20201, 16.60443, 119, 57
18:42:08, 54.20202, 16.60482, 119, 48
18:42:10, 54.20203, 16.60520, 119, 48
18:42:11, 54.20205, 16.60537, 119, 47
18:42:13, 54.20211, 16.60576, 120, 48
18:42:15, 54.20211, 16.60626, 121, 53
18:42:16, 54.20211, 16.60653, 121, 57
18:42:18, 54.20214, 16.60702, 121, 57
18:42:20, 54.20217, 16.60750, 122, 57
18:42:22, 54.20220, 16.60800, 121, 60
18:42:24, 54.20221, 16.60851, 122, 58
18:42:25, 54.20223, 16.60877, 123, 59
18:42:26, 54.20225, 16.60906, 123, 60
18:42:28, 54.20228, 16.60963, 124, 61
18:42:30, 54.20229, 16.61018, 127, 65
18:42:32, 54.20231, 16.61064, 128, 58
18:42:33, 54.20233, 16.61091, 128, 61
18:42:35, 54.20235, 16.61150, 127, 64
18:42:37, 54.20238, 16.61198, 130, 65
18:42:38, 54.20240, 16.61226, 131, 65
18:42:40, 54.20242, 16.61285, 133, 64
18:42:42, 54.20241, 16.61334, 133, 55
18:42:44, 54.20237, 16.61389, 134, 58
18:42:45, 54.20234, 16.61411, 134, 56
18:42:47, 54.20230, 16.61462, 135, 62
18:42:49, 54.20229, 16.61513, 137, 59
18:42:50, 54.20228, 16.61537, 136, 59
18:42:52, 54.20222, 16.61590, 133, 60
18:42:54, 54.20212, 16.61644, 131, 61
18:42:55, 54.20209, 16.61668, 131, 57
18:42:57, 54.20207, 16.61714, 129, 56
18:42:59, 54.20202, 16.61760, 128, 51
18:43:00, 54.20199, 16.61782, 127, 51
18:43:02, 54.20191, 16.61822, 126, 50
18:43:03, 54.20187, 16.61844, 126, 51
18:43:04, 54.20182, 16.61867, 125, 51
18:43:06, 54.20174, 16.61910, 124, 50
18:43:08, 54.20168, 16.61953, 123, 50
18:43:09, 54.20164, 16.61976, 123, 52
18:43:11, 54.20158, 16.62033, 121, 59
18:43:13, 54.20152, 16.62078, 122, 56
18:43:15, 54.20145, 16.62123, 121, 55
18:43:16, 54.20142, 16.62145, 120, 54
18:43:18, 54.20137, 16.62189, 119, 54
18:43:20, 54.20132, 16.62234, 119, 54
18:43:21, 54.20130, 16.62255, 120, 53
18:43:23, 54.20124, 16.62299, 119, 53
18:43:24, 54.20122, 16.62323, 119, 53
18:43:26, 54.20116, 16.62370, 119, 55
18:43:27, 54.20114, 16.62390, 118, 53
18:43:29, 54.20107, 16.62437, 118, 55
18:43:31, 54.20103, 16.62483, 118, 56
18:43:33, 54.20096, 16.62539, 118, 66
18:43:34, 54.20092, 16.62565, 118, 68
18:43:36, 54.20084, 16.62623, 120, 68
18:43:38, 54.20077, 16.62684, 120, 72
18:43:39, 54.20074, 16.62715, 119, 68
18:43:40, 54.20071, 16.62742, 119, 66
18:43:42, 54.20065, 16.62796, 119, 64
18:43:43, 54.20061, 16.62821, 119, 61
18:43:45, 54.20055, 16.62866, 118, 54
18:43:46, 54.20052, 16.62887, 117, 53
18:43:48, 54.20045, 16.62929, 117, 49
18:43:49, 54.20043, 16.62950, 116, 50
18:43:50, 54.20040, 16.62972, 118, 50
18:43:51, 54.20038, 16.62992, 117, 49
18:43:52, 54.20035, 16.63011, 117, 48
18:43:54, 54.20030, 16.63059, 117, 54
18:43:55, 54.20027, 16.63080, 117, 53
18:43:57, 54.20022, 16.63117, 117, 48
18:43:58, 54.20020, 16.63138, 117, 47
18:44:00, 54.20014, 16.63175, 117, 44
18:44:02, 54.20010, 16.63215, 117, 45
18:44:03, 54.20007, 16.63237, 116, 46
18:44:04, 54.20006, 16.63249, 116, 39
18:44:06, 54.20003, 16.63280, 116, 36
18:44:08, 54.20000, 16.63307, 116, 32
18:44:10, 54.19996, 16.63328, 116, 26
18:44:12, 54.19993, 16.63351, 116, 28
18:44:13, 54.19991, 16.63364, 116, 30
18:44:15, 54.19987, 16.63394, 116, 35
18:44:17, 54.19985, 16.63424, 116, 39
18:44:18, 54.19986, 16.63440, 117, 41
18:44:20, 54.19985, 16.63478, 117, 45
18:44:21, 54.19986, 16.63497, 117, 47
18:44:22, 54.19986, 16.63518, 117, 49
18:44:24, 54.19988, 16.63555, 117, 46
18:44:26, 54.19988, 16.63596, 118, 49
18:44:27, 54.19988, 16.63618, 118, 48
18:44:29, 54.19989, 16.63660, 117, 46
18:44:31, 54.19988, 16.63692, 116, 42
18:44:33, 54.19989, 16.63729, 116, 41
18:44:35, 54.19991, 16.63763, 116, 41
18:44:37, 54.19993, 16.63798, 116, 40
18:44:39, 54.19997, 16.63826, 116, 41
18:44:40, 54.20001, 16.63844, 116, 42
18:44:42, 54.20006, 16.63885, 116, 46
18:44:43, 54.20009, 16.63905, 116, 44
18:44:44, 54.20012, 16.63924, 116, 46
18:44:45, 54.20014, 16.63943, 116, 46
18:44:46, 54.20015, 16.63963, 116, 47
18:44:48, 54.20019, 16.64004, 117, 47
18:44:49, 54.20023, 16.64016, 116, 41
18:44:51, 54.20028, 16.64052, 117, 42
18:44:52, 54.20027, 16.64081, 116, 46
18:44:53, 54.20030, 16.64100, 116, 45
18:44:55, 54.20034, 16.64141, 116, 49
18:44:56, 54.20034, 16.64161, 116, 46
18:44:58, 54.20040, 16.64194, 116, 45
18:44:59, 54.20043, 16.64215, 116, 47
18:45:01, 54.20045, 16.64257, 115, 46
18:45:03, 54.20052, 16.64296, 115, 44
18:45:04, 54.20054, 16.64314, 115, 43
18:45:06, 54.20058, 16.64355, 114, 45
18:45:07, 54.20061, 16.64370, 113, 46
18:45:09, 54.20067, 16.64412, 113, 48
18:45:10, 54.20069, 16.64432, 114, 47
18:45:11, 54.20071, 16.64455, 114, 47
18:45:13, 54.20076, 16.64492, 113, 45
18:45:14, 54.20078, 16.64514, 114, 48
18:45:15, 54.20080, 16.64534, 113, 49
18:45:17, 54.20085, 16.64572, 114, 44
18:45:18, 54.20088, 16.64592, 114, 45
18:45:20, 54.20091, 16.64629, 112, 44
18:45:21, 54.20092, 16.64648, 113, 43
18:45:23, 54.20096, 16.64683, 112, 41
18:45:24, 54.20099, 16.64699, 112, 40
18:45:26, 54.20103, 16.64733, 112, 40
18:45:27, 54.20104, 16.64751, 112, 40
18:45:29, 54.20109, 16.64784, 112, 41
18:45:30, 54.20109, 16.64802, 112, 41
18:45:32, 54.20114, 16.64837, 112, 43
18:45:33, 54.20115, 16.64856, 113, 43
18:45:34, 54.20118, 16.64875, 112, 43
18:45:36, 54.20121, 16.64913, 113, 43
18:45:37, 54.20123, 16.64932, 113, 44
18:45:39, 54.20128, 16.64965, 113, 43
18:45:40, 54.20130, 16.64983, 113, 43
18:45:41, 54.20132, 16.65002, 112, 43
18:45:43, 54.20137, 16.65039, 113, 43
18:45:45, 54.20142, 16.65074, 113, 42
18:45:47, 54.20145, 16.65108, 114, 42
18:45:49, 54.20149, 16.65144, 114, 40
18:45:50, 54.20151, 16.65160, 115, 40
18:45:52, 54.20156, 16.65191, 115, 39
18:45:54, 54.20158, 16.65230, 115, 43
18:45:55, 54.20162, 16.65248, 115, 46
18:45:57, 54.20164, 16.65289, 115, 46
18:45:58, 54.20166, 16.65309, 115, 46
18:46:00, 54.20171, 16.65346, 114, 42
18:46:02, 54.20179, 16.65378, 114, 39
18:46:04, 54.20189, 16.65405, 113, 37
18:46:06, 54.20199, 16.65431, 113, 38
18:46:08, 54.20210, 16.65459, 113, 40
18:46:10, 54.20222, 16.65488, 113, 43
18:46:11, 54.20228, 16.65503, 114, 44
18:46:13, 54.20241, 16.65534, 114, 45
18:46:14, 54.20248, 16.65549, 114, 45
18:46:16, 54.20261, 16.65581, 114, 46
18:46:17, 54.20268, 16.65597, 113, 47
18:46:19, 54.20280, 16.65631, 113, 50
18:46:20, 54.20288, 16.65651, 114, 53
18:46:22, 54.20303, 16.65691, 113, 59
18:46:24, 54.20321, 16.65735, 113, 64
18:46:25, 54.20329, 16.65759, 114, 66
18:46:26, 54.20337, 16.65784, 113, 65
18:46:27, 54.20344, 16.65808, 113, 65
18:46:29, 54.20361, 16.65858, 111, 65
18:46:30, 54.20370, 16.65881, 111, 66
18:46:32, 54.20387, 16.65929, 111, 68
18:46:34, 54.20405, 16.65981, 110, 72
18:46:36, 54.20422, 16.66033, 110, 67
18:46:38, 54.20437, 16.66081, 108, 63
18:46:39, 54.20445, 16.66104, 107, 61
18:46:40, 54.20454, 16.66125, 106, 58
18:46:42, 54.20467, 16.66165, 105, 52
18:46:43, 54.20475, 16.66185, 105, 56
18:46:45, 54.20491, 16.66227, 106, 60
18:46:47, 54.20509, 16.66269, 107, 63
18:46:48, 54.20518, 16.66291, 107, 65
18:46:50, 54.20536, 16.66334, 107, 58
18:46:52, 54.20553, 16.66369, 106, 52
18:46:53, 54.20561, 16.66385, 105, 49
18:46:54, 54.20569, 16.66400, 106, 48
18:46:56, 54.20585, 16.66429, 106, 46
18:46:58, 54.20599, 16.66458, 106, 44
18:46:59, 54.20607, 16.66471, 107, 45
18:47:01, 54.20623, 16.66500, 107, 46
18:47:02, 54.20630, 16.66515, 108, 47
18:47:04, 54.20646, 16.66547, 109, 48
18:47:06, 54.20662, 16.66577, 110, 48
18:47:08, 54.20678, 16.66607, 111, 48
18:47:09, 54.20686, 16.66622, 112, 49
18:47:10, 54.20695, 16.66637, 111, 50
18:47:12, 54.20711, 16.66670, 113, 52
18:47:14, 54.20727, 16.66702, 112, 50
18:47:15, 54.20736, 16.66716, 112, 47
18:47:17, 54.20752, 16.66744, 112, 43
18:47:18, 54.20761, 16.66758, 112, 43
18:47:20, 54.20779, 16.66781, 111, 45
18:47:22, 54.20798, 16.66800, 112, 45
18:47:23, 54.20806, 16.66805, 112, 37
18:47:25, 54.20821, 16.66817, 111, 35
18:47:27, 54.20839, 16.66828, 112, 41
18:47:28, 54.20849, 16.66836, 112, 42
18:47:30, 54.20871, 16.66848, 111, 43
18:47:32, 54.20891, 16.66862, 111, 41
18:47:33, 54.20904, 16.66872, 111, 46
18:47:35, 54.20928, 16.66893, 111, 47
18:47:36, 54.20936, 16.66902, 111, 45
18:47:38, 54.20951, 16.66929, 111, 40
18:47:39, 54.20957, 16.66943, 110, 39
18:47:41, 54.20962, 16.66978, 111, 39
18:47:43, 54.20965, 16.67017, 111, 45
18:47:44, 54.20967, 16.67036, 110, 45
18:47:46, 54.20968, 16.67087, 110, 53
18:47:48, 54.20970, 16.67132, 109, 48
18:47:50, 54.20975, 16.67169, 107, 45
18:47:51, 54.20979, 16.67185, 107, 44
18:47:53, 54.20983, 16.67221, 105, 41
18:47:55, 54.20988, 16.67250, 104, 38
18:47:57, 54.21007, 16.67287, 103, 43
18:47:58, 54.21012, 16.67299, 102, 42
18:48:00, 54.21021, 16.67330, 101, 36
18:48:01, 54.21025, 16.67340, 100, 32
18:48:03, 54.21037, 16.67364, 99, 37
18:48:05, 54.21054, 16.67391, 100, 44
18:48:07, 54.21070, 16.67422, 99, 46
18:48:09, 54.21084, 16.67451, 98, 45
18:48:10, 54.21089, 16.67465, 97, 47
18:48:12, 54.21105, 16.67493, 96, 47
18:48:13, 54.21112, 16.67509, 95, 47
18:48:15, 54.21126, 16.67539, 95, 48
18:48:17, 54.21142, 16.67573, 94, 51
18:48:18, 54.21156, 16.67598, 93, 52
18:48:19, 54.21164, 16.67615, 92, 54
18:48:21, 54.21178, 16.67645, 91, 50
18:48:23, 54.21196, 16.67681, 90, 60
18:48:24, 54.21204, 16.67700, 90, 61
18:48:25, 54.21213, 16.67717, 89, 54
18:48:26, 54.21224, 16.67740, 87, 60
18:48:28, 54.21241, 16.67777, 85, 58
18:48:29, 54.21251, 16.67792, 84, 53
18:48:31, 54.21268, 16.67827, 82, 47
18:48:32, 54.21276, 16.67842, 81, 33
18:48:33, 54.21283, 16.67857, 80, 34
18:48:35, 54.21295, 16.67880, 79, 37
18:48:37, 54.21311, 16.67906, 79, 42
18:48:38, 54.21320, 16.67925, 78, 49
18:48:40, 54.21340, 16.67958, 77, 50
18:48:42, 54.21355, 16.68010, 77, 57
18:48:44, 54.21369, 16.68050, 76, 58
18:48:45, 54.21375, 16.68070, 76, 57
18:48:47, 54.21394, 16.68115, 75, 61
18:48:49, 54.21404, 16.68148, 73, 49
18:48:51, 54.21414, 16.68183, 72, 46
18:48:52, 54.21419, 16.68200, 72, 45
18:48:54, 54.21427, 16.68236, 71, 46
18:48:55, 54.21433, 16.68254, 71, 48
18:48:57, 54.21439, 16.68294, 70, 50
18:48:58, 54.21437, 16.68315, 68, 49
18:49:00, 54.21433, 16.68357, 68, 49
18:49:02, 54.21426, 16.68401, 68, 51
18:49:03, 54.21424, 16.68422, 67, 53
18:49:05, 54.21412, 16.68459, 67, 57
18:49:06, 54.21406, 16.68481, 66, 57
18:49:08, 54.21393, 16.68529, 66, 60
18:49:10, 54.21378, 16.68580, 66, 64
18:49:12, 54.21364, 16.68626, 65, 62
18:49:13, 54.21357, 16.68646, 65, 59
18:49:15, 54.21346, 16.68691, 64, 56
18:49:16, 54.21340, 16.68715, 63, 56
18:49:18, 54.21327, 16.68760, 63, 55
18:49:19, 54.21322, 16.68782, 62, 54
18:49:21, 54.21308, 16.68820, 60, 53
18:49:22, 54.21302, 16.68839, 61, 52
18:49:24, 54.21287, 16.68879, 61, 52
18:49:26, 54.21277, 16.68916, 60, 49
18:49:27, 54.21276, 16.68935, 60, 48
18:49:29, 54.21277, 16.68976, 59, 46
18:49:31, 54.21279, 16.69014, 58, 43
18:49:33, 54.21281, 16.69049, 57, 40
18:49:35, 54.21282, 16.69082, 56, 38
18:49:37, 54.21285, 16.69112, 55, 35
18:49:39, 54.21286, 16.69141, 55, 32
18:49:40, 54.21287, 16.69154, 55, 27
18:49:42, 54.21288, 16.69177, 54, 27
18:49:43, 54.21288, 16.69189, 54, 27
18:49:45, 54.21286, 16.69223, 53, 34
18:49:46, 54.21285, 16.69239, 53, 36
18:49:47, 54.21288, 16.69256, 53, 35
18:49:49, 54.21289, 16.69293, 53, 39
18:49:51, 54.21292, 16.69322, 53, 35
18:49:53, 54.21291, 16.69356, 53, 35
18:49:54, 54.21294, 16.69377, 53, 38
18:49:55, 54.21296, 16.69393, 53, 37
18:49:57, 54.21294, 16.69421, 52, 33
18:49:59, 54.21294, 16.69448, 51, 31
18:50:00, 54.21294, 16.69458, 51, 22
18:50:02, 54.21294, 16.69478, 51, 23
18:50:04, 54.21288, 16.69507, 51, 30
18:50:05, 54.21285, 16.69520, 51, 30
18:50:06, 54.21281, 16.69531, 51, 28
18:50:08, 54.21273, 16.69558, 51, 32
18:50:09, 54.21267, 16.69574, 51, 33
18:50:10, 54.21263, 16.69586, 51, 33
18:50:11, 54.21256, 16.69598, 51, 39
18:50:13, 54.21244, 16.69626, 52, 39
18:50:14, 54.21237, 16.69641, 51, 42
18:50:15, 54.21231, 16.69656, 51, 42
18:50:16, 54.21225, 16.69671, 51, 42
18:50:18, 54.21206, 16.69703, 51, 39
18:50:20, 54.21194, 16.69730, 51, 39
18:50:21, 54.21190, 16.69744, 51, 37
18:50:23, 54.21182, 16.69765, 50, 31
18:50:25, 54.21170, 16.69787, 50, 31
18:50:27, 54.21162, 16.69812, 50, 37
18:50:29, 54.21149, 16.69840, 50, 39
18:50:31, 54.21139, 16.69868, 49, 41
18:50:32, 54.21135, 16.69883, 49, 38
18:50:34, 54.21122, 16.69912, 48, 41
18:50:35, 54.21116, 16.69927, 48, 42
18:50:37, 54.21103, 16.69957, 47, 39
18:50:38, 54.21097, 16.69970, 47, 38
18:50:40, 54.21087, 16.69995, 46, 37
18:50:41, 54.21082, 16.70008, 46, 37
18:50:43, 54.21072, 16.70033, 46, 29
18:50:44, 54.21069, 16.70045, 46, 31
18:50:45, 54.21063, 16.70049, 46, 28
18:50:46, 54.21060, 16.70061, 46, 29
18:50:47, 54.21056, 16.70072, 46, 29
18:50:49, 54.21055, 16.70104, 46, 35
18:50:51, 54.21063, 16.70135, 46, 34
18:50:52, 54.21064, 16.70147, 47, 33
18:50:54, 54.21062, 16.70169, 46, 23
18:50:56, 54.21062, 16.70188, 45, 20
18:50:57, 54.21061, 16.70195, 45, 16
18:50:59, 54.21059, 16.70206, 45, 9
18:51:01, 54.21060, 16.70213, 45, 10
18:51:02, 54.21062, 16.70215, 45, 10
18:51:03, 54.21064, 16.70218, 45, 11
18:51:05, 54.21069, 16.70219, 45, 9
18:51:07, 54.21074, 16.70222, 45, 10
18:51:09, 54.21080, 16.70223, 45, 10
18:51:10, 54.21082, 16.70222, 45, 11
18:51:12, 54.21090, 16.70220, 45, 14
18:51:13, 54.21096, 16.70219, 45, 21
18:51:14, 54.21102, 16.70216, 46, 26
18:51:16, 54.21117, 16.70211, 46, 29
18:51:17, 54.21125, 16.70209, 46, 30
18:51:19, 54.21142, 16.70202, 46, 36
18:51:21, 54.21160, 16.70194, 46, 39
18:51:22, 54.21170, 16.70189, 46, 38
18:51:24, 54.21186, 16.70181, 46, 35
18:51:26, 54.21203, 16.70172, 46, 35
18:51:27, 54.21212, 16.70168, 46, 35
18:51:29, 54.21229, 16.70158, 47, 37
18:51:31, 54.21246, 16.70148, 47, 37
18:51:32, 54.21256, 16.70144, 47, 36
18:51:33, 54.21263, 16.70138, 47, 30
18:51:35, 54.21277, 16.70133, 47, 25
18:51:36, 54.21283, 16.70131, 47, 24
18:51:38, 54.21293, 16.70127, 47, 21
18:51:39, 54.21299, 16.70125, 47, 20
18:51:41, 54.21307, 16.70124, 47, 15
18:51:43, 54.21310, 16.70114, 47, 14
18:51:44, 54.21310, 16.70109, 47, 13
18:51:46, 54.21309, 16.70094, 47, 14
18:51:47, 54.21308, 16.70089, 47, 14
18:51:49, 54.21307, 16.70081, 47, 14
18:51:50, 54.21307, 16.70075, 47, 13
18:51:52, 54.21306, 16.70063, 47, 12
18:51:54, 54.21306, 16.70055, 47, 9
18:51:55, 54.21306, 16.70051, 47, 9
18:51:57, 54.21308, 16.70044, 47, 9
18:51:59, 54.21313, 16.70040, 47, 9
18:52:00, 54.21315, 16.70038, 47, 8
18:52:02, 54.21320, 16.70036, 47, 10
18:52:04, 54.21325, 16.70032, 47, 9
18:52:06, 54.21329, 16.70027, 47, 8
18:52:07, 54.21331, 16.70026, 47, 11
18:52:09, 54.21336, 16.70022, 48, 10
18:52:11, 54.21340, 16.70018, 47, 10
18:52:13, 54.21343, 16.70015, 48, 9
18:52:15, 54.21347, 16.70012, 47, 9
18:52:17, 54.21351, 16.70010, 47, 9
18:52:18, 54.21353, 16.70010, 47, 8
18:52:20, 54.21357, 16.70009, 47, 9
18:52:21, 54.21359, 16.70007, 48, 9
18:52:22, 54.21361, 16.70005, 47, 9
18:52:24, 54.21365, 16.70000, 47, 9
18:52:25, 54.21366, 16.69997, 47, 10
18:52:26, 54.21367, 16.69993, 47, 10
18:52:27, 54.21368, 16.69989, 47, 10
18:52:29, 54.21368, 16.69984, 47, 0
18:52:30, 54.21368, 16.69984, 47, 0
18:52:31, 54.21368, 16.69984, 47, 0
18:52:32, 54.21363, 16.69987, 47, 0
18:52:34, 54.21363, 16.69987, 47, 0
18:52:35, 54.21363, 16.69987, 47, 0
18:52:37, 54.21363, 16.69987, 47, 0
18:52:39, 54.21363, 16.69987, 47, 0
18:52:41, 54.21363, 16.69987, 47, 0
18:52:42, 54.21363, 16.69987, 47, 0
18:52:43, 54.21363, 16.69987, 47, 0
{
  "average" : "50",
  "maximum" : "138",
  "distance" : "29917",
  "time" : "2136"
}